vid,from,WKT,cost_before,cost_remain,visit_number
3812514733,6936046216,"LINESTRING(8559314.812735694 5341798.486580552,8559203.554394523 5341831.1063012)",135,8723,1
4280931090,2315284589,"LINESTRING(8559970.472578319 5341638.884593593,8559942.445667947 5341659.271556422)",1381,8016,112
2554593526,2180514951,"LINESTRING(8560965.852546655 5342816.1591574205,8561030.39937054 5342683.336967614)",2885,6596,162
3812514741,5061880844,"LINESTRING(8559014.16042444 5342083.330496344,8558988.68141501 5342076.922868759)",581,9068,374
3812220409,3812220398,"LINESTRING(8559240.923608351 5341533.4555832865,8559229.033403952 5341488.604929513)",812,8496,82
2430365619,4252366106,"LINESTRING(8563861.966618348 5345478.245226118,8563974.923560146 5345516.122370891)",6957,2633,329
6562727732,2184621942,"LINESTRING(8562109.010769675 5343851.4215596225,8561940.849307448 5343835.690769292)",4683,5006,399
5229452511,5204089176,"LINESTRING(8563535.835297665 5345384.427115422,8563563.862208037 5345409.484033861)",6688,2932,350
2958244724,4271849759,"LINESTRING(8560506.381076628 5342304.687609244,8560599.8041112 5342398.474708924)",2166,7462,363
2554593437,2554593452,"LINESTRING(8561296.230368908 5342608.7709541,8561296.230368908 5342596.537524493)",3087,6636,426
5204082568,9620064965,"LINESTRING(8562465.716901671 5344132.249768062,8562426.649087215 5344093.212975215)",4948,4574,208
4291263235,4291263236,"LINESTRING(8560167.510251231 5341788.0016945945,8560152.222845573 5341772.27438778)",1490,7930,124
3812515761,3812515759,"LINESTRING(8559029.447830096 5341915.568608516,8558913.942987354 5341885.861089002)",551,9021,326
6485333445,2180514951,"LINESTRING(8560965.852546655 5342816.1591574205,8560948.017240055 5342872.667417588)",2796,6800,334
290894373,2567616746,"LINESTRING(8560006.143191518 5341938.868690094,8560009.540392775 5342026.8270231765)",1525,7900,127
2493653542,2458680466,"LINESTRING(8559270.649119351 5341657.524100718,8559455.796587864 5341651.699250736)",656,8528,24
6485288966,2184622030,"LINESTRING(8561918.767499276 5343485.541905113,8561870.357381362 5343524.576151658)",4136,5400,291
3818844169,4428058064,"LINESTRING(8559060.871941725 5341593.450951177,8558974.243309667 5341532.87310588)",884,8785,385
4252366129,4837055058,"LINESTRING(8564012.292773975 5345550.503297203,8564047.11408686 5345614.603668201)",7100,2592,402
2460993530,5204125614,"LINESTRING(8563612.27232595 5345171.154677819,8563842.43271112 5345385.009833691)",6741,2781,223
3315266503,5176153389,"LINESTRING(8563797.419794463 5345404.82227649,8563836.487608919 5345456.101735908)",6806,2716,252
2554593352,2554593374,"LINESTRING(8561245.272350052 5342541.778560256,8561219.793340625 5342524.302362819)",3205,6518,430
4348167006,4291263245,"LINESTRING(8560128.442436773 5341875.37610473,8560373.890227601 5342121.776354384)",1765,7435,46
260707502,9620085184,"LINESTRING(8559847.324032748 5342039.642213851,8559847.324032748 5342032.6521076625)",1363,8062,132
3811153339,3811153329,"LINESTRING(8559155.14427661 5341804.894016667,8559360.674952665 5341694.803226825)",464,8394,3
4291263245,4291263244,"LINESTRING(8560121.64803426 5341867.221125118,8560128.442436773 5341875.37610473)",1416,7784,45
9620064965,2486920179,"LINESTRING(8562470.812703557 5344127.588649868,8562465.716901671 5344132.249768062)",4893,4629,205
4611274938,4611262683,"LINESTRING(8562464.867601357 5344254.604954813,8562478.456406387 5344307.043383971)",5150,4537,398
2429960992,2429960989,"LINESTRING(8563991.060266118 5345678.704480361,8564031.826681204 5345723.575311372)",7243,2436,395
3818837346,3818837351,"LINESTRING(8559008.21532224 5341500.25442922,8558991.229315953 5341479.285340234)",959,8764,423
2568901800,2568901780,"LINESTRING(8561355.68139091 5342679.2591233235,8561477.13133585 5342689.162462551)",3360,6375,443
3818837351,3818844169,"LINESTRING(8558974.243309667 5341532.87310588,8559008.21532224 5341500.25442922)",932,8737,386
2235647693,2235647752,"LINESTRING(8558823.91715404 5341684.318457533,8558821.369253097 5341721.597690835)",642,9112,459
3818837353,4428057511,"LINESTRING(8559091.446753038 5341568.98677394,8559045.584536066 5341475.208022854)",921,8692,338
260706865,260706791,"LINESTRING(8560039.265903775 5341718.685245362,8560258.38538486 5341930.713654914)",1743,7654,113
3245711233,3793382659,"LINESTRING(8564805.539267514 5345468.338921358,8564860.743787942 5345412.397633403)",8184,1590,483
4277248395,4278396500,"LINESTRING(8560383.232531058 5342128.766527433,8560429.09474803 5342171.872710455)",1840,7360,43
6322387185,5203850363,"LINESTRING(8563706.544660835 5345307.508624083,8563691.257255178 5345322.659185777)",6614,2908,239
2187767012,260711593,"LINESTRING(8564930.386413712 5345422.303878664,8565079.863269025 5345256.229982752)",8484,1290,487
7206064665,4929479189,"LINESTRING(8560522.5177826 5342226.046980029,8560571.777200827 5342262.163334735)",2014,7208,55
3873500004,2187767015,"LINESTRING(8565338.89986488 5345506.798751732,8565463.74701108 5345627.423795338)",9009,765,499
290894374,290894373,"LINESTRING(8560009.540392775 5342026.8270231765,8560018.033395918 5342121.776354384)",1620,7852,152
4288248007,3811153311,"LINESTRING(8559364.921454236 5341616.750227308,8559381.058160208 5341484.5276080575)",688,8460,16
2458680466,4278407761,"LINESTRING(8559138.158270326 5341706.452984318,8559270.649119351 5341657.524100718)",471,8713,22
260381535,2180483487,"LINESTRING(8559998.499488689 5341791.49665527,8560001.896689946 5341848.58119852)",1347,8001,94
2187766776,3873500003,"LINESTRING(8565746.564015735 5345322.07647141,8565896.040871048 5345467.756197877)",9626,151,505
4252366106,4252366022,"LINESTRING(8563854.32291552 5345472.417986747,8563861.966618348 5345478.245226118)",6835,2687,256
2315284589,3540581374,"LINESTRING(8559933.952664804 5341606.265545839,8559970.472578319 5341638.884593593)",1330,8067,110
6517469116,9620024298,"LINESTRING(8563826.296005148 5345545.258740918,8563829.693206405 5345548.755111447)",6908,2614,260
2430365626,2429960985,"LINESTRING(8564080.236799117 5345598.869899921,8564053.05918906 5345621.596462634)",7096,2583,392
2429960987,2430365626,"LINESTRING(8564053.05918906 5345621.596462634,8564047.11408686 5345627.423795338)",7104,2575,393
3958764837,4246713554,"LINESTRING(8563553.670604264 5345165.910335134,8563570.65661055 5345182.808783247)",6408,3114,227
4929479192,4929479194,"LINESTRING(8560477.504865943 5342220.804295015,8560550.54469297 5342176.532850295)",2032,7428,148
3812514742,5061880832,"LINESTRING(8559086.350951152 5341881.783593717,8559041.338034496 5341872.463611191)",387,8857,58
4470035713,4252365995,"LINESTRING(8563458.548969066 5345287.113676104,8563473.836374722 5345303.429630914)",6548,3072,346
3812220408,3811153312,"LINESTRING(8559316.511336323 5341622.575055442,8559246.868710551 5341625.487470876)",657,8341,9
260711649,260713556,"LINESTRING(8565021.261547338 5345510.877833965,8565185.176507996 5345666.467018512)",8614,1160,488
2187766900,2187767389,"LINESTRING(8565463.74701108 5345051.700937904,8565626.812671421 5345204.368916729)",9249,525,498
2180514868,2180514876,"LINESTRING(8560988.78365514 5342798.682445317,8560997.276658282 5342832.470784961)",3076,6423,175
5203850363,5206047354,"LINESTRING(8563687.860053921 5345290.6099497285,8563706.544660835 5345307.508624083)",6592,2930,235
4278411494,4278407761,"LINESTRING(8559138.158270326 5341706.452984318,8559153.44567598 5341706.452984318)",337,8807,15
4315423171,260706865,"LINESTRING(8560258.38538486 5341930.713654914,8560867.333710197 5342432.261597255)",2535,6862,115
4291263237,4291263236,"LINESTRING(8560167.510251231 5341788.0016945945,8560184.496257517 5341806.059005525)",1493,7933,133
3812220432,3812220444,"LINESTRING(8559242.62220898 5341387.837364875,8559248.56731118 5341359.2964607775)",946,8542,166
2315284671,2315284908,"LINESTRING(8559611.218545377 5341422.203059275,8559629.90315229 5341421.620588822)",1088,8401,169
4611262674,2568613181,"LINESTRING(8562373.143167416 5344234.212312083,8562311.144244473 5344205.0800427655)",5125,4536,378
6562728028,6562728030,"LINESTRING(8561954.438112475 5343177.93446115,8561973.12271939 5343389.413487825)",3958,5564,193
2180514860,2180514961,"LINESTRING(8561016.81056551 5342850.530120194,8561041.440274624 5342855.77315956)",3128,6412,297
4611262683,4611262686,"LINESTRING(8562441.936492871 5344255.187602404,8562464.867601357 5344254.604954813)",5090,4477,323
2503124678,4291263227,"LINESTRING(8559622.259449463 5341668.591325714,8559985.759983975 5341747.227250246)",1212,7980,36
5176153389,4252366001,"LINESTRING(8563766.844983147 5345362.283848258,8563797.419794463 5345404.82227649)",6734,2788,248
3818837355,4428057511,"LINESTRING(8559091.446753038 5341568.98677394,8559111.829960583 5341455.986407813)",935,8622,317
2429960989,2429960987,"LINESTRING(8564047.11408686 5345627.423795338,8563991.060266118 5345678.704480361)",7182,2497,394
260711081,2429960985,"LINESTRING(8564080.236799117 5345598.869899921,8564297.657679575 5345799.914494644)",7357,2383,450
3818837344,3818837346,"LINESTRING(8558991.229315953 5341479.285340234,8558981.037712183 5341488.02245491)",972,8777,454
3873500003,2187766900,"LINESTRING(8565626.812671421 5345204.368916729,8565746.564015735 5345322.07647141)",9417,357,501
2614511835,2614511836,"LINESTRING(8561317.462876767 5342608.188409468,8561330.202381479 5342608.188409468)",3067,6668,437
6246303362,4252366022,"LINESTRING(8563854.32291552 5345472.417986747,8563830.54250672 5345534.769637208)",6892,2630,257
2315284908,2315284953,"LINESTRING(8559554.315424321 5341394.826987368,8559611.218545377 5341422.203059275)",1069,8382,140
2187767032,2634540341,"LINESTRING(8565292.188347595 5344879.224094387,8565276.051641624 5344864.074253964)",9019,755,500
9620064964,2486920159,"LINESTRING(8562481.853607643 5344139.824090102,8562477.607106071 5344144.485214418)",4908,4614,207
260709989,260706791,"LINESTRING(8560039.265903775 5341718.685245362,8560112.305730803 5341479.86781429)",1701,8011,418
4348168667,4348167775,"LINESTRING(8560433.3412496 5342176.532850295,8560466.463961858 5342182.94054638)",1882,7340,53
3812220396,3812220422,"LINESTRING(8559278.29282218 5341591.7035078155,8559265.553317465 5341535.203015725)",782,8466,60
6562728034,2180514829,"LINESTRING(8561349.736288708 5342664.695408288,8561906.877294876 5343023.551977167)",3582,5616,40
5206061281,4246713553,"LINESTRING(8563536.684597978 5345149.01191768,8563478.932176607 5345267.884194628)",6516,3033,309
2315284705,2315284908,"LINESTRING(8559611.218545377 5341422.203059275,8559595.081839407 5341595.198394867)",1243,8295,295
6322382708,5176153376,"LINESTRING(8563834.789008291 5345538.266003799,8563910.376736261 5345609.359075821)",7002,2620,356
3812220456,3812220450,"LINESTRING(8559251.115212122 5341322.601141098,8559251.964512438 5341297.555212225)",1008,8530,293
3689654603,3689654584,"LINESTRING(8559573.000031235 5341748.392231895,8559561.95912715 5341847.998701414)",1064,8584,372
2180483487,2180483063,"LINESTRING(8560018.882696232 5341788.0016945945,8559998.499488689 5341791.49665527)",1290,7944,57
8390169460,2184621851,"LINESTRING(8562124.298175331 5343891.622588925,8562142.133481933 5344023.296740178)",4690,5013,409
4278407761,4278469910,"LINESTRING(8559122.021564351 5341778.68180587,8559138.158270326 5341706.452984318)",322,8792,12
4315405480,4610627639,"LINESTRING(8561081.357389396 5342584.304110947,8561171.38322271 5342625.082218563)",2897,6512,121
2568957198,2568901787,"LINESTRING(8561305.572672367 5342687.414813687,8561255.463953825 5342686.832264139)",3347,6388,446
3793382658,2187766870,"LINESTRING(8565175.83420454 5345351.794950608,8565247.175430939 5345421.721158063)",8710,1064,493
3818837345,3818837346,"LINESTRING(8558991.229315953 5341479.285340234,8558976.79121061 5341461.811135456)",982,8787,464
2675713425,4929479192,"LINESTRING(8560550.54469297 5342176.532850295,8560852.04630454 5342394.396989307)",2409,7052,149
2315284620,2315284671,"LINESTRING(8559629.90315229 5341421.620588822,8559630.752452606 5341433.852475969)",1100,8389,170
3689654595,3689654585,"LINESTRING(8559629.053851979 5341749.557213687,8559664.724465178 5341753.634651114)",949,8493,136
6936046222,3812514748,"LINESTRING(8558949.613600554 5341758.294581785,8558958.95590401 5341770.526910882)",546,9016,321
2567616746,260381535,"LINESTRING(8560001.896689946 5341848.58119852,8560006.143191518 5341938.868690094)",1437,7988,125
3689654584,1697452869,"LINESTRING(8559573.000031235 5341694.803226825,8559573.000031235 5341748.392231895)",964,8508,151
7797426981,3812232593,"LINESTRING(8559398.044166494 5341361.0438605575,8559410.783671208 5341359.2964607775)",853,8430,68
3245711240,4315384405,"LINESTRING(8564341.821295915 5345735.23010804,8564617.843898058 5345518.453277138)",7848,1926,480
2486920157,2184621916,"LINESTRING(8562169.311091987 5343798.403076101,8562438.539291615 5344067.576961439)",4814,4708,198
4252365821,5206052893,"LINESTRING(8563812.70720012 5345390.837018374,8563861.966618348 5345433.375577012)",6791,2731,244
2180483261,4278396504,"LINESTRING(8560306.795502773 5342018.671911014,8560509.778277885 5342202.746180319)",1915,7269,28
260710003,260707503,"LINESTRING(8560228.659873858 5342029.157056534,8560322.932208745 5342126.4364691675)",1745,7546,72
9620088263,9612714002,"LINESTRING(8561943.397208389 5343176.769300747,8561940.000007134 5343450.586002244)",4040,5504,303
9264388644,9264388643,"LINESTRING(8560936.976335969 5342695.570511189,8560935.27773534 5342869.172051345)",2792,6813,336
2235647752,2493653543,"LINESTRING(8558901.20348264 5341680.241050437,8558823.91715404 5341684.318457533)",605,9075,396
4348284359,6485333445,"LINESTRING(8560948.017240055 5342872.667417588,8560917.44242874 5343058.506277804)",2985,6745,435
3812233301,3811153311,"LINESTRING(8559364.921454236 5341616.750227308,8559397.194866179 5341771.1094031455)",713,8485,38
4348167008,4348167006,"LINESTRING(8560373.890227601 5342121.776354384,8560377.287428858 5342161.969921036)",1805,7475,67
2607502583,260706888,"LINESTRING(8560296.603899002 5341892.851085073,8560362.849323515 5341928.383646173)",1872,7525,116
2568901753,2614511834,"LINESTRING(8561336.996783994 5342607.605864874,8561359.078592164 5342625.082218563)",3108,6627,439
2568901768,2568901753,"LINESTRING(8561359.078592164 5342625.082218563,8561468.638332708 5342641.393511582)",3221,6514,441
4837055058,2430365619,"LINESTRING(8563974.923560146 5345516.122370891,8564012.292773975 5345550.503297203)",7008,2684,400
2554593354,2554593374,"LINESTRING(8561245.272350052 5342541.778560256,8561250.368151939 5342526.049981088)",3179,6544,429
2568957383,2568901787,"LINESTRING(8561305.572672367 5342687.414813687,8561318.312177079 5342801.595228391)",3423,6312,445
2493653545,2493653543,"LINESTRING(8558901.20348264 5341680.241050437,8558795.89024367 5341666.261382517)",634,9104,448
6485333447,9264388644,"LINESTRING(8560935.27773534 5342869.172051345,8560868.183010511 5342858.685960483)",2860,6881,451
3689654585,3689654587,"LINESTRING(8559630.752452606 5341688.978353539,8559629.053851979 5341749.557213687)",913,8457,100
3811095199,3812220413,"LINESTRING(8559195.910691695 5341474.625549089,8559213.745998295 5341468.800813435)",835,8519,96
4710248419,2312001986,"LINESTRING(8564171.111932745 5345624.510128531,8564195.74164186 5345596.5389735475)",7262,2512,475
4315384405,4315384415,"LINESTRING(8564325.684589945 5345754.4605544275,8564341.821295915 5345735.23010804)",7455,2319,479
3812220449,3812220430,"LINESTRING(8559263.854716837 5341368.615930055,8559269.799819037 5341324.930998369)",994,8486,160
2187767389,3793382253,"LINESTRING(8565276.051641624 5345247.4893334145,8565463.74701108 5345051.700937904)",9026,748,495
3812233302,3812233301,"LINESTRING(8559397.194866179 5341771.1094031455,8559449.00218535 5341768.779434315)",765,8537,79
3315266493,3315266492,"LINESTRING(8563710.791162407 5345298.185213751,8563770.242184406 5345357.039397958)",6672,2850,232
3812220412,3812220409,"LINESTRING(8559229.033403952 5341488.604929513,8559252.813812751 5341462.393608421)",850,8534,105
3812220413,3812220423,"LINESTRING(8559219.691100495 5341548.017530285,8559195.910691695 5341474.625549089)",816,8500,86
3812220387,3812220408,"LINESTRING(8559246.868710551 5341625.487470876,8559238.37570741 5341603.935618226)",680,8364,10
4246713554,4246713553,"LINESTRING(8563536.684597978 5345149.01191768,8563553.670604264 5345165.910335134)",6384,3138,224
260706888,260706865,"LINESTRING(8560258.38538486 5341930.713654914,8560296.603899002 5341892.851085073)",1797,7600,114
7638650248,7638650250,"LINESTRING(8559044.735235754 5341758.294581785,8559043.036635125 5341767.031958074)",420,8890,84
2312001986,2312001534,"LINESTRING(8564090.42840289 5345552.251483288,8564171.111932745 5345624.510128531)",7225,2549,471
3689965573,4291263227,"LINESTRING(8559622.259449463 5341668.591325714,8559630.752452606 5341668.591325714)",832,8376,48
3245711241,3245711240,"LINESTRING(8564617.843898058 5345518.453277138,8564682.390721941 5345581.3879663395)",7938,1836,481
2634540342,1419995692,"LINESTRING(8565359.283072423 5344944.485227148,8565294.736248538 5344882.137528065)",8993,781,494
4611262774,5204082566,"LINESTRING(8562481.853607643 5344149.146341067,8562469.963403244 5344161.381809614)",4931,4591,216
2486920178,9620064965,"LINESTRING(8562465.716901671 5344132.249768062,8562398.622176843 5344202.166820845)",4990,4532,229
4929479162,4929479156,"LINESTRING(8560839.306799825 5342542.361100736,8560853.744905168 5342556.924624549)",2442,7083,272
297124194,3689654603,"LINESTRING(8559561.95912715 5341847.998701414,8559534.781517092 5342064.107626812)",1282,8439,422
8084017256,8390169460,"LINESTRING(8562142.133481933 5344023.296740178,8562150.626485074 5344059.420062759)",4727,5050,504
2180483162,2180408158,"LINESTRING(8559959.431674233 5341698.88064029,8560255.837483916 5341962.1688299365)",1565,7619,26
3812220454,3812220436,"LINESTRING(8559216.293899238 5341372.693200795,8559235.827806467 5341298.720137658)",1014,8656,387
4278411493,4278407760,"LINESTRING(8559100.789056495 5341710.530402883,8559080.405848954 5341715.7728008)",342,8812,19
3812220424,3812220411,"LINESTRING(8559220.540400809 5341456.568880413,8559235.827806467 5341416.378356389)",888,8572,147
3811153328,3811153329,"LINESTRING(8559155.14427661 5341804.894016667,8559119.47366341 5341795.574111046)",231,8701,7
6485334957,4929479169,"LINESTRING(8560943.770738482 5342602.945509428,8560947.16793974 5342704.891317078)",2623,6855,155
2180514951,6485334957,"LINESTRING(8560947.16793974 5342704.891317078,8560965.852546655 5342816.1591574205)",2737,6741,156
3315266489,2727018488,"LINESTRING(8563520.547892008 5345119.876787168,8563534.98599735 5345139.105963079)",6350,3172,217
4246713552,2727018488,"LINESTRING(8563520.547892008 5345119.876787168,8563521.397192322 5345133.278935884)",6339,3183,218
4252366110,4252365821,"LINESTRING(8563861.966618348 5345433.375577012,8563944.348748833 5345486.98609201)",6890,2632,250
6485404274,260707502,"LINESTRING(8559847.324032748 5342032.6521076625,8559844.776131805 5341931.878659503)",1464,8163,362
3540581374,3540581372,"LINESTRING(8559882.145345634 5341556.754709407,8559933.952664804 5341606.265545839)",1281,8116,109
4929479036,2567616747,"LINESTRING(8559832.036627091 5341940.616198561,8559832.885927405 5342019.254418789)",1322,8103,129
4246713553,3315266489,"LINESTRING(8563534.98599735 5345139.105963079,8563536.684597978 5345149.01191768)",6360,3162,221
5206047354,3958764837,"LINESTRING(8563570.65661055 5345182.808783247,8563687.860053921 5345290.6099497285)",6567,2955,231
2180515062,2180514868,"LINESTRING(8560997.276658282 5342832.470784961,8561006.61896174 5342844.121964975)",3091,6411,179
6322387183,6322387185,"LINESTRING(8563691.257255178 5345322.659185777,8563652.189440722 5345363.44928206)",6670,2852,245
3689654604,3692826882,"LINESTRING(8559718.230384976 5341846.251210316,8559718.230384976 5341855.571166625)",1077,8376,145
2180408158,2493653542,"LINESTRING(8559455.796587864 5341651.699250736,8559959.431674233 5341698.88064029)",1167,8017,25
5204082591,5204082590,"LINESTRING(8563196.964472266 5344820.955612234,8563241.977388924 5344858.830084172)",5942,3580,206
5176153375,5176153374,"LINESTRING(8563678.517750464 5345396.081487707,8563687.860053921 5345409.484033861)",6726,2796,251
5204089176,4470035713,"LINESTRING(8563473.836374722 5345303.429630914,8563535.835297665 5345384.427115422)",6650,2970,348
2554593452,2614511836,"LINESTRING(8561317.462876767 5342608.188409468,8561296.230368908 5342608.7709541)",3075,6648,425
4278404388,4422325955,"LINESTRING(8558943.668498354 5341696.550689518,8558930.92899364 5341605.683063882)",640,8917,313
2554593331,2554593352,"LINESTRING(8561219.793340625 5342524.302362819,8561179.02692554 5342515.5642763935)",3247,6476,431
4272456379,9264388644,"LINESTRING(8560935.27773534 5342869.172051345,8560904.702924026 5343057.923705053)",2984,6756,449
4838251529,4959914414,"LINESTRING(8564154.975226775 5345402.491398678,8564147.331523946 5345397.829644807)",7223,2551,473
6789097401,4959914414,"LINESTRING(8564154.975226775 5345402.491398678,8564194.892341545 5345433.958298342)",7265,2509,472
4710248420,4710248419,"LINESTRING(8564195.74164186 5345596.5389735475,8564234.809456317 5345552.251483288)",7321,2453,477
3812220398,3812220423,"LINESTRING(8559219.691100495 5341548.017530285,8559240.923608351 5341533.4555832865)",766,8450,52
4252366022,3315266496,"LINESTRING(8563806.762097921 5345397.829644807,8563854.32291552 5345472.417986747)",6825,2697,253
2430365643,4315384415,"LINESTRING(8564325.684589945 5345754.4605544275,8564505.736256573 5345934.5293881465)",7685,2089,478
4278469910,3811153328,"LINESTRING(8559119.47366341 5341795.574111046,8559122.021564351 5341778.68180587)",248,8718,8
3689654580,3689654595,"LINESTRING(8559664.724465178 5341753.634651114,8559714.83318372 5341790.914161732)",1012,8441,141
260726833,2187766776,"LINESTRING(8565896.040871048 5345467.756197877,8566005.60061159 5345363.44928206)",9777,0,506
2614511833,2614511834,"LINESTRING(8561336.996783994 5342607.605864874,8561314.065675508 5342479.446939438)",3204,6531,440
3812220858,3812220449,"LINESTRING(8559269.799819037 5341324.930998369,8559269.799819037 5341296.390286939)",1023,8515,294
2180483061,2503124678,"LINESTRING(8559985.759983975 5341747.227250246,8559843.077531176 5341726.84009498)",1439,8207,371
6485288957,6485288956,"LINESTRING(8561073.713686569 5342835.966137435,8561153.547916109 5342907.0385888275)",3274,6480,458
2493653541,3689965573,"LINESTRING(8559630.752452606 5341668.591325714,8559832.036627091 5341931.296157191)",1234,8191,126
4291263240,2180483063,"LINESTRING(8560018.882696232 5341788.0016945945,8560088.525322003 5341833.436285615)",1358,7842,42
4291263241,4291263240,"LINESTRING(8560088.525322003 5341833.436285615,8560108.059229232 5341844.503719548)",1386,7826,50
4348168660,4348167775,"LINESTRING(8560433.3412496 5342176.532850295,8560402.766438287 5342210.90145359)",1894,7414,81
2180514876,2180515033,"LINESTRING(8561044.837475883 5342692.075211384,8560988.78365514 5342798.682445317)",3041,6458,174
6485288956,2180514860,"LINESTRING(8561041.440274624 5342855.77315956,8561073.713686569 5342835.966137435)",3167,6373,298
3689654587,3689965573,"LINESTRING(8559630.752452606 5341668.591325714,8559630.752452606 5341688.978353539)",852,8396,61
2180514989,2180514868,"LINESTRING(8560997.276658282 5342832.470784961,8561077.96018814 5342768.972109976)",3180,6319,176
5176153376,6246303362,"LINESTRING(8563830.54250672 5345534.769637208,8563834.789008291 5345538.266003799)",6898,2624,258
9612596968,4470035713,"LINESTRING(8563473.836374722 5345303.429630914,8563475.534975352 5345300.51606546)",6551,3069,347
6936046216,6936046216,"LINESTRING(8559314.812735694 5341798.486580552,8559314.812735694 5341798.486580552)",0,8858,0
4929479189,4348168667,"LINESTRING(8560466.463961858 5342182.94054638,8560522.5177826 5342226.046980029)",1953,7269,54
260707503,4291263245,"LINESTRING(8560128.442436773 5341875.37610473,8560228.659873858 5342029.157056534)",1610,7681,71
2486920152,2486920157,"LINESTRING(8562438.539291615 5344067.576961439,8562544.7018309 5344172.452009292)",4963,4559,200
3689965589,3689654580,"LINESTRING(8559714.83318372 5341790.914161732,8559770.887004461 5341839.261249205)",1108,8537,370
7638650250,7638650249,"LINESTRING(8559066.817043925 5341709.947914407,8559044.735235754 5341758.294581785)",411,8881,73
2554593505,4315405480,"LINESTRING(8561171.38322271 5342625.082218563,8561492.418741507 5342661.782668013)",3221,6484,412
5243987966,6517469116,"LINESTRING(8563829.693206405 5345548.755111447,8563751.557577493 5345636.164801233)",7034,2723,460
7206116686,3811153312,"LINESTRING(8559316.511336323 5341622.575055442,8559863.460738719 5341538.697881585)",1183,8214,107
6562728039,6562728040,"LINESTRING(8561838.083969418 5343127.832695386,8561819.399362504 5343163.952545927)",3959,5633,332
3812220909,7797426981,"LINESTRING(8559410.783671208 5341359.2964607775,8559443.05708315 5341360.461393927)",885,8398,69
4348175304,4278411494,"LINESTRING(8559153.44567598 5341706.452984318,8559139.007570637 5341783.9242421305)",416,8886,78
3812220450,3812220432,"LINESTRING(8559248.56731118 5341359.2964607775,8559251.115212122 5341322.601141098)",983,8505,167
2184622030,2184621933,"LINESTRING(8561919.61679959 5343484.376706237,8561918.767499276 5343485.541905113)",4074,5462,290
4348167507,2567616746,"LINESTRING(8560006.143191518 5341938.868690094,8559879.59744469 5341938.868690094)",1564,8115,391
5061880844,5061880834,"LINESTRING(8559051.529638268 5342092.650689785,8559014.16042444 5342083.330496344)",555,9064,341
3793382659,3245711241,"LINESTRING(8564682.390721941 5345581.3879663395,8564805.539267514 5345468.338921358)",8105,1669,482
7206064663,4348168660,"LINESTRING(8560402.766438287 5342210.90145359,8560486.847169401 5342287.211856504)",2008,7304,85
2187767119,2187767012,"LINESTRING(8565079.863269025 5345256.229982752,8565027.20664954 5345221.267434616)",8547,1227,490
2568613181,2568613167,"LINESTRING(8562380.786870245 5344202.749465156,8562373.143167416 5344234.212312083)",5044,4478,238
2187767015,3793382658,"LINESTRING(8565247.175430939 5345421.721158063,8565338.89986488 5345506.798751732)",8835,939,496
4315428230,4929479036,"LINESTRING(8559832.885927405 5342019.254418789,8559832.885927405 5342039.642213851)",1342,8083,130
2568901780,2568901753,"LINESTRING(8561359.078592164 5342625.082218563,8561355.68139091 5342679.2591233235)",3234,6501,442
2180483305,4280931090,"LINESTRING(8559942.445667947 5341659.271556422,8559814.20132049 5341628.982370597)",1513,7928,135
260713556,260711593,"LINESTRING(8564930.386413712 5345422.303878664,8565021.261547338 5345510.877833965)",8388,1386,486
3812514750,3812514742,"LINESTRING(8559041.338034496 5341872.463611191,8559031.146430725 5341845.668713357)",424,8894,87
3604255850,4246713552,"LINESTRING(8563521.397192322 5345133.278935884,8563445.80946435 5345238.165983162)",6472,3116,328
2429960998,2429960992,"LINESTRING(8564031.826681204 5345723.575311372,8563997.005368318 5345761.453453869)",7294,2480,468
3812220429,3812220426,"LINESTRING(8559256.211014008 5341412.301066535,8559270.649119351 5341387.254896572)",930,8550,158
3812220438,3811095199,"LINESTRING(8559213.745998295 5341468.800813435,8559212.89669798 5341381.43021553)",928,8588,185
5204125614,5204125611,"LINESTRING(8563564.71150835 5345129.782721316,8563612.27232595 5345171.154677819)",6427,3095,219
3812220436,3812220438,"LINESTRING(8559212.89669798 5341381.43021553,8559216.293899238 5341372.693200795)",937,8579,187
6322387186,1282631046,"LINESTRING(8563727.777168693 5345337.809772114,8563719.284165548 5345347.715938045)",6647,2875,246
9612714002,6562728030,"LINESTRING(8561954.438112475 5343177.93446115,8561943.397208389 5343176.769300747)",3755,5789,302
4252365995,3604255850,"LINESTRING(8563445.80946435 5345238.165983162,8563458.548969066 5345287.113676104)",6526,3094,344
1282631046,4999059200,"LINESTRING(8563731.174369948 5345330.234475865,8563727.777168693 5345337.809772114)",6634,2888,241
2554593374,2554593437,"LINESTRING(8561296.230368908 5342596.537524493,8561245.272350052 5342541.778560256)",3162,6561,427
2554593332,2554593437,"LINESTRING(8561296.230368908 5342596.537524493,8561286.888065452 5342516.146815234)",3168,6555,428
3811153312,3812220420,"LINESTRING(8559354.729850465 5341616.750227308,8559316.511336323 5341622.575055442)",587,8271,5
4252366100,5204089176,"LINESTRING(8563535.835297665 5345384.427115422,8563544.328300808 5345419.972996478)",6687,2933,349
4929479156,9264366606,"LINESTRING(8560758.62326997 5342396.14458321,8560839.306799825 5342542.361100736)",2421,7104,270
3958764836,4252365531,"LINESTRING(8563558.76640615 5345162.414108317,8563576.60171275 5345178.147139326)",6407,3115,225
6562728027,6562728028,"LINESTRING(8561973.12271939 5343389.413487825,8561986.711524418 5343402.8131471025)",3977,5545,194
7638650263,3812514729,"LINESTRING(8559136.459669694 5342115.951214179,8559094.843954297 5342104.300944701)",471,9031,178
3824503772,6485288966,"LINESTRING(8561870.357381362 5343524.576151658,8561857.617876647 5343536.810799911)",4154,5382,292
4274051848,2567616750,"LINESTRING(8560388.328332944 5342227.212021545,8560387.47903263 5342319.833288133)",1969,7525,173
2554593265,2554593300,"LINESTRING(8561074.562986882 5342495.757977501,8561124.671705425 5342452.06776117)",2979,6544,264
2568901787,2568901780,"LINESTRING(8561355.68139091 5342679.2591233235,8561305.572672367 5342687.414813687)",3297,6438,444
4315405473,6562728034,"LINESTRING(8561906.877294876 5343023.551977167,8561986.711524418 5343348.632034695)",3925,5521,139
9264366606,4929479163,"LINESTRING(8560756.075369027 5342382.163841165,8560758.62326997 5342396.14458321)",2234,6978,49
3812220411,3812220409,"LINESTRING(8559229.033403952 5341488.604929513,8559220.540400809 5341456.568880413)",845,8529,101
2180514827,2180514840,"LINESTRING(8561089.850392539 5342778.875544564,8561099.192695996 5342785.283654905)",3206,6315,190
4271849759,7206064663,"LINESTRING(8560486.847169401 5342287.211856504,8560506.381076628 5342304.687609244)",2034,7330,97
6562728030,6562728034,"LINESTRING(8561906.877294876 5343023.551977167,8561954.438112475 5343177.93446115)",3744,5778,192
7805800290,2430365619,"LINESTRING(8563974.923560146 5345516.122370891,8563937.55434632 5345584.301619656)",7046,2544,330
4959914414,4837056506,"LINESTRING(8564037.771783404 5345517.870550523,8564154.975226775 5345402.491398678)",7214,2560,470
4929479194,4348168667,"LINESTRING(8560466.463961858 5342182.94054638,8560477.504865943 5342220.804295015)",1925,7321,59
4291263236,4291263241,"LINESTRING(8560108.059229232 5341844.503719548,8560167.510251231 5341788.0016945945)",1468,7908,102
2429960985,1382633087,"LINESTRING(8563978.320761405 5345503.885122659,8564080.236799117 5345598.869899921)",7061,2548,337
4610627638,2180514975,"LINESTRING(8561055.878379967 5342594.207349246,8561103.439197566 5342621.586945203)",2642,6542,32
4422325955,7638650249,"LINESTRING(8559066.817043925 5341709.947914407,8558943.668498354 5341696.550689518)",482,8952,134
2567616747,2493653541,"LINESTRING(8559832.036627091 5341931.296157191,8559832.036627091 5341940.616198561)",1243,8182,128
2180514840,2180514989,"LINESTRING(8561077.96018814 5342768.972109976,8561089.850392539 5342778.875544564)",3195,6304,177
2568613185,2486920166,"LINESTRING(8562410.512381243 5344214.402359035,8562407.964480301 5344235.9602511395)",5028,4494,214
3811153311,3812220420,"LINESTRING(8559354.729850465 5341616.750227308,8559364.921454236 5341616.750227308)",553,8325,6
260542519,2180483098,"LINESTRING(8560386.629732314 5342171.29019314,8560388.328332944 5342219.639254301)",1868,7424,74
9620085184,4315428230,"LINESTRING(8559832.885927405 5342039.642213851,8559847.324032748 5342039.642213851)",1356,8069,131
6517469125,9620024298,"LINESTRING(8563826.296005148 5345545.258740918,8563772.79008535 5345507.964203617)",6978,2544,261
2554593300,4610627639,"LINESTRING(8561081.357389396 5342584.304110947,8561074.562986882 5342495.757977501)",2897,6626,262
6562728040,6562728035,"LINESTRING(8561899.233592048 5343173.856400376,8561838.083969418 5343127.832695386)",3903,5641,305
4252365531,3315266489,"LINESTRING(8563534.98599735 5345139.105963079,8563558.76640615 5345162.414108317)",6383,3139,222
5061880834,1849523808,"LINESTRING(8559071.912845809 5342097.893302695,8559051.529638268 5342092.650689785)",516,9025,299
6485288968,6485288966,"LINESTRING(8561870.357381362 5343524.576151658,8561754.85253862 5343417.9606112335)",4293,5414,414
8390169461,8390169460,"LINESTRING(8562142.133481933 5344023.296740178,8562151.47578539 5344016.305145536)",4702,5025,432
3818837348,3818837346,"LINESTRING(8558991.229315953 5341479.285340234,8559001.420919726 5341471.7131808065)",972,8777,453
260707449,2607502583,"LINESTRING(8560362.849323515 5341928.383646173,8560383.232531058 5341934.791171612)",1893,7504,118
1382633087,6517469128,"LINESTRING(8563871.308921807 5345409.484033861,8563978.320761405 5345503.885122659)",6922,2600,230
4348169870,2567616750,"LINESTRING(8560388.328332944 5342227.212021545,8560195.537161602 5342226.629500769)",2069,7625,404
3824503776,3824503772,"LINESTRING(8561857.617876647 5343536.810799911,8561891.589889219 5343639.349435956)",4268,5389,377
2460993525,3315266492,"LINESTRING(8563710.791162407 5345298.185213751,8563700.599558635 5345273.711306035)",6614,2908,233
4271849760,260542519,"LINESTRING(8560388.328332944 5342219.639254301,8560395.972035773 5342203.911218922)",1885,7407,75
1419995692,2187767012,"LINESTRING(8565079.863269025 5345256.229982752,8565359.283072423 5344944.485227148)",8903,871,491
2180483098,4278396500,"LINESTRING(8560383.232531058 5342128.766527433,8560386.629732314 5342171.29019314)",1820,7466,70
3812220444,3812220424,"LINESTRING(8559235.827806467 5341416.378356389,8559242.62220898 5341387.837364875)",917,8571,165
2184621851,2184622014,"LINESTRING(8562113.257271247 5343865.987129909,8562124.298175331 5343891.622588925)",4557,4965,202
3812514752,3812514748,"LINESTRING(8558949.613600554 5341758.294581785,8558871.47797164 5341737.324912117)",606,9076,397
3793382663,3793382659,"LINESTRING(8564805.539267514 5345468.338921358,8564933.783614969 5345600.618095083)",8289,1485,484
3604255847,3604255850,"LINESTRING(8563445.80946435 5345238.165983162,8563464.494071264 5345244.575785457)",6496,3140,365
3812220423,3812220387,"LINESTRING(8559238.37570741 5341603.935618226,8559219.691100495 5341548.017530285)",739,8423,20
4291263227,2493653542,"LINESTRING(8559455.796587864 5341651.699250736,8559622.259449463 5341668.591325714)",824,8368,35
3812220426,3812220412,"LINESTRING(8559252.813812751 5341462.393608421,8559256.211014008 5341412.301066535)",900,8580,157
4428058064,3818844165,"LINESTRING(8559053.228238896 5341600.440727899,8559060.871941725 5341593.450951177)",778,8779,315
4278396504,2180483162,"LINESTRING(8560255.837483916 5341962.1688299365,8560306.795502773 5342018.671911014)",1641,7543,27
4929479163,2180483261,"LINESTRING(8560509.778277885 5342202.746180319,8560756.075369027 5342382.163841165)",2220,6964,29
2180514975,2180514943,"LINESTRING(8560840.15610014 5342443.912276812,8561055.878379967 5342594.207349246)",2587,6597,31
3812515759,3812514742,"LINESTRING(8559041.338034496 5341872.463611191,8559029.447830096 5341915.568608516)",432,8902,91
260709988,260709989,"LINESTRING(8560112.305730803 5341479.86781429,8560333.973112829 5341497.342052928)",1924,7836,461
3540581372,7206116686,"LINESTRING(8559863.460738719 5341538.697881585,8559882.145345634 5341556.754709407)",1209,8188,108
2075262281,5204082566,"LINESTRING(8562481.853607643 5344149.146341067,8563511.205588551 5345125.703805979)",6339,3183,215
4999059200,5206047354,"LINESTRING(8563687.860053921 5345290.6099497285,8563731.174369948 5345330.234475865)",6626,2896,236
2429777956,2429777959,"LINESTRING(8564045.415486233 5345612.8554704115,8563984.265863603 5345602.949022478)",7168,2529,407
3689654599,3689654580,"LINESTRING(8559714.83318372 5341790.914161732,8559718.230384976 5341825.2813427085)",1047,8406,143
2315284833,2315284620,"LINESTRING(8559630.752452606 5341433.852475969,8559702.093679005 5341492.099777896)",1193,8296,171
2315284679,2315284620,"LINESTRING(8559630.752452606 5341433.852475969,8559630.752452606 5341510.156515422)",1176,8313,172
2486920179,2486920157,"LINESTRING(8562438.539291615 5344067.576961439,8562470.812703557 5344127.588649868)",4886,4636,201
2486920159,2486920179,"LINESTRING(8562470.812703557 5344127.588649868,8562481.853607643 5344139.824090102)",4902,4620,204
4929479169,2180514943,"LINESTRING(8560840.15610014 5342443.912276812,8560943.770738482 5342602.945509428)",2521,6957,154
1697452869,3689654587,"LINESTRING(8559630.752452606 5341688.978353539,8559573.000031235 5341694.803226825)",910,8454,98
4288248008,4288248007,"LINESTRING(8559381.058160208 5341484.5276080575,8559410.783671208 5341482.780185121)",718,8472,34
2180483063,2503124678,"LINESTRING(8559985.759983975 5341747.227250246,8560018.882696232 5341788.0016945945)",1269,7923,37
4277210470,4315428230,"LINESTRING(8559832.885927405 5342039.642213851,8559819.297122376 5342040.224722937)",1356,8097,142
4611274857,4611262686,"LINESTRING(8562441.936492871 5344255.187602404,8562424.950486585 5344307.043383971)",5129,4516,369
4280232588,2180514860,"LINESTRING(8561041.440274624 5342855.77315956,8561039.741673997 5342920.437554338)",3194,6478,389
2503243930,3936481582,"LINESTRING(8559017.557625696 5341680.823537057,8559080.405848954 5341665.67889681)",477,8903,104
6485288969,6485288968,"LINESTRING(8561754.85253862 5343417.9606112335,8561778.632947419 5343395.239424273)",4326,5447,466
2256029863,6322382708,"LINESTRING(8563910.376736261 5345609.359075821,8563934.15714506 5345584.88435043)",7036,2586,358
2184622014,2184621942,"LINESTRING(8562109.010769675 5343851.4215596225,8562113.257271247 5343865.987129909)",4529,4993,199
3793382253,2187766870,"LINESTRING(8565175.83420454 5345351.794950608,8565276.051641624 5345247.4893334145)",8755,1019,492
3812220420,3811153339,"LINESTRING(8559360.674952665 5341694.803226825,8559354.729850465 5341616.750227308)",543,8315,4
3689654605,3689654604,"LINESTRING(8559718.230384976 5341855.571166625,8559629.053851979 5341854.9886690825)",1166,8465,364
2614511836,4315405480,"LINESTRING(8561171.38322271 5342625.082218563,8561317.462876767 5342608.188409468)",3054,6669,424
4610627639,4315423171,"LINESTRING(8560867.333710197 5342432.261597255,8561081.357389396 5342584.304110947)",2798,6599,117
3812232593,4288248008,"LINESTRING(8559410.783671208 5341482.780185121,8559398.044166494 5341361.0438605575)",840,8426,65
3936481582,4278407760,"LINESTRING(8559100.789056495 5341710.530402883,8559017.557625696 5341680.823537057)",412,8882,77
6562728035,9612714002,"LINESTRING(8561943.397208389 5343176.769300747,8561899.233592048 5343173.856400376)",3799,5745,304
4252366127,5205906330,"LINESTRING(8563577.451013064 5345460.180795939,8563596.135619977 5345605.86268254)",6888,2732,354
2184622036,6562728028,"LINESTRING(8561973.12271939 5343389.413487825,8561942.547908075 5343462.820553328)",4042,5492,286
5176153374,1282631046,"LINESTRING(8563727.777168693 5345337.809772114,8563678.517750464 5345396.081487707)",6710,2812,247
6485288895,2180514961,"LINESTRING(8561016.81056551 5342850.530120194,8561010.016162997 5342908.203715499)",3161,6481,367
5204082566,9620064964,"LINESTRING(8562477.607106071 5344144.485214418,8562481.853607643 5344149.146341067)",4914,4608,211
253950103,5204082591,"LINESTRING(8563241.977388924 5344858.830084172,8563374.468237951 5344967.792885373)",6114,3408,209
9620024298,6246303362,"LINESTRING(8563830.54250672 5345534.769637208,8563826.296005148 5345545.258740918)",6903,2619,259
6322387184,6322387186,"LINESTRING(8563719.284165548 5345347.715938045,8563681.914951721 5345391.419737043)",6705,2817,254
5205906330,4252366014,"LINESTRING(8563549.424102694 5345433.958298342,8563577.451013064 5345460.180795939)",6740,2880,353
2315284688,2315284953,"LINESTRING(8559554.315424321 5341394.826987368,8559502.508105151 5341610.9254028145)",1264,8444,415
3812514748,7638650248,"LINESTRING(8559043.036635125 5341767.031958074,8558949.613600554 5341758.294581785)",525,8995,189
3812514743,3811153328,"LINESTRING(8559119.47366341 5341795.574111046,8559104.186257754 5341886.443588476)",323,8793,13
4315405470,6562728027,"LINESTRING(8561986.711524418 5343402.8131471025,8562001.998930076 5343575.845261273)",4151,5371,195
7638650249,4278411493,"LINESTRING(8559080.405848954 5341715.7728008,8559066.817043925 5341709.947914407)",357,8827,23
3818844165,4278404388,"LINESTRING(8558930.92899364 5341605.683063882,8559053.228238896 5341600.440727899)",768,8789,314
6485334960,9264388643,"LINESTRING(8560936.976335969 5342695.570511189,8560914.045227483 5342627.412401533)",2705,6961,384
2180515003,2614511836,"LINESTRING(8561317.462876767 5342608.188409468,8561321.709378337 5342589.5470005)",3073,6688,462
2187766870,260713556,"LINESTRING(8565021.261547338 5345510.877833965,8565175.83420454 5345351.794950608)",8610,1164,489
260707457,260707449,"LINESTRING(8560383.232531058 5341934.791171612,8560531.860086057 5342075.757846036)",2098,7470,324
2493653543,3936481582,"LINESTRING(8559017.557625696 5341680.823537057,8558901.20348264 5341680.241050437)",528,8998,274
9264366614,2675713438,"LINESTRING(8560807.882688198 5342438.086935212,8560933.579134712 5342593.624805525)",2511,6971,163
4252366001,4999059200,"LINESTRING(8563731.174369948 5345330.234475865,8563766.844983147 5345362.283848258)",6674,2848,243
5204125611,253950103,"LINESTRING(8563374.468237951 5344967.792885373,8563564.71150835 5345129.782721316)",6364,3158,213
4315406291,2554593505,"LINESTRING(8561492.418741507 5342661.782668013,8561883.096886076 5342968.790503166)",3724,5991,420
1849523808,7638650263,"LINESTRING(8559094.843954297 5342104.300944701,8559071.912845809 5342097.893302695)",495,9007,180
4611262686,2568613185,"LINESTRING(8562407.964480301 5344235.9602511395,8562441.936492871 5344255.187602404)",5067,4455,220
2180514943,4929479163,"LINESTRING(8560756.075369027 5342382.163841165,8560840.15610014 5342443.912276812)",2324,6860,30
4428057511,4428058064,"LINESTRING(8559060.871941725 5341593.450951177,8559091.446753038 5341568.98677394)",817,8740,316
5061880832,3812514743,"LINESTRING(8559104.186257754 5341886.443588476,8559086.350951152 5341881.783593717)",341,8811,18
3812220422,3812220387,"LINESTRING(8559238.37570741 5341603.935618226,8559278.29282218 5341591.7035078155)",724,8408,14
260706791,2315284589,"LINESTRING(8559970.472578319 5341638.884593593,8560039.265903775 5341718.685245362)",1438,7959,111
3811153329,3812514733,"LINESTRING(8559203.554394523 5341831.1063012,8559155.14427661 5341804.894016667)",194,8664,2
2180514829,4610627638,"LINESTRING(8561103.439197566 5342621.586945203,8561349.736288708 5342664.695408288)",2894,6290,33
2184621933,2184622036,"LINESTRING(8561942.547908075 5343462.820553328,8561919.61679959 5343484.376706237)",4073,5461,287
4837056506,4837055058,"LINESTRING(8564012.292773975 5345550.503297203,8564037.771783404 5345517.870550523)",7049,2725,467
5229460432,5206061281,"LINESTRING(8563478.932176607 5345267.884194628,8563481.48007755 5345290.027237366)",6540,3057,335
4278396500,4278396504,"LINESTRING(8560306.795502773 5342018.671911014,8560383.232531058 5342128.766527433)",1777,7423,41
4611262685,4611262683,"LINESTRING(8562464.867601357 5344254.604954813,8562473.3606045 5344246.447892363)",5102,4489,331
2727018488,253950103,"LINESTRING(8563374.468237951 5344967.792885373,8563520.547892008 5345119.876787168)",6326,3196,212
4348167775,4277248395,"LINESTRING(8560429.09474803 5342171.872710455,8560433.3412496 5342176.532850295)",1846,7366,51
2429777959,4252366129,"LINESTRING(8564047.11408686 5345614.603668201,8564045.415486233 5345612.8554704115)",7102,2590,403
2567616750,260542519,"LINESTRING(8560388.328332944 5342219.639254301,8560388.328332944 5342227.212021545)",1876,7432,80
2315284600,2315284671,"LINESTRING(8559629.90315229 5341421.620588822,8559659.628663292 5341309.204473095)",1208,8521,434
5061880831,4278411493,"LINESTRING(8559080.405848954 5341715.7728008,8559100.789056495 5341770.526910882)",403,8873,66
2315284953,3812220909,"LINESTRING(8559443.05708315 5341360.461393927,8559554.315424321 5341394.826987368)",1005,8318,88
2634540341,2634540342,"LINESTRING(8565294.736248538 5344882.137528065,8565292.188347595 5344879.224094387)",8997,777,497
3692826882,3689654599,"LINESTRING(8559718.230384976 5341825.2813427085,8559718.230384976 5341846.251210316)",1068,8385,144
5204082590,2486920152,"LINESTRING(8562544.7018309 5344172.452009292,8563196.964472266 5344820.955612234)",5883,3639,203
4422325954,4422325955,"LINESTRING(8558943.668498354 5341696.550689518,8558836.656658756 5341693.055764456)",589,9059,373
3812220430,3812220429,"LINESTRING(8559270.649119351 5341387.254896572,8559263.854716837 5341368.615930055)",950,8530,159
9264388643,9264366614,"LINESTRING(8560933.579134712 5342593.624805525,8560936.976335969 5342695.570511189)",2613,6869,164
2184621916,4315405470,"LINESTRING(8562001.998930076 5343575.845261273,8562169.311091987 5343798.403076101)",4433,5089,196
2568613167,2486920178,"LINESTRING(8562398.622176843 5344202.166820845,8562380.786870245 5344202.749465156)",5008,4514,234
2614511834,2614511835,"LINESTRING(8561330.202381479 5342608.188409468,8561336.996783994 5342607.605864874)",3074,6661,438
4278407760,4278469910,"LINESTRING(8559122.021564351 5341778.68180587,8559100.789056495 5341710.530402883)",321,8791,11
2180515033,4610627638,"LINESTRING(8561103.439197566 5342621.586945203,8561044.837475883 5342692.075211384)",2921,6538,146
2180514872,2180514876,"LINESTRING(8560988.78365514 5342798.682445317,8560957.359543512 5342907.621152144)",3155,6509,381
5206052893,3315266493,"LINESTRING(8563770.242184406 5345357.039397958,8563812.70720012 5345390.837018374)",6726,2796,237
2184621942,2184621916,"LINESTRING(8562169.311091987 5343798.403076101,8562109.010769675 5343851.4215596225)",4514,5008,197
2675713438,9264366606,"LINESTRING(8560758.62326997 5342396.14458321,8560807.882688198 5342438.086935212)",2301,7045,93
2486920166,9620064964,"LINESTRING(8562477.607106071 5344144.485214418,8562410.512381243 5344214.402359035)",5005,4517,210
6517469128,2460993530,"LINESTRING(8563842.43271112 5345385.009833691,8563871.308921807 5345409.484033861)",6779,2743,226
2180514961,2180515062,"LINESTRING(8561006.61896174 5342844.121964975,8561016.81056551 5342850.530120194)",3103,6423,273
2312001534,4837056506,"LINESTRING(8564037.771783404 5345517.870550523,8564090.42840289 5345552.251483288)",7116,2658,469
4291263244,4291263240,"LINESTRING(8560088.525322003 5341833.436285615,8560121.64803426 5341867.221125118)",1405,7795,44
7638665924,3812514729,"LINESTRING(8559136.459669694 5342115.951214179,8559344.538246693 5342161.969921036)",642,8874,186
3812515760,3812515761,"LINESTRING(8558913.942987354 5341885.861089002,8558868.930070698 5341874.211107204)",597,9067,382
3315266496,4252366001,"LINESTRING(8563766.844983147 5345362.283848258,8563806.762097921 5345397.829644807)",6727,2795,249
3812514729,3812514733,"LINESTRING(8559203.554394523 5341831.1063012,8559136.459669694 5342115.951214179)",428,9016,137
3818813018,3812220420,"LINESTRING(8559354.729850465 5341616.750227308,8559347.935447952 5341196.207257131)",969,8741,416
5203867314,2312001986,"LINESTRING(8564171.111932745 5345624.510128531,8564311.246484602 5345738.143809485)",7408,2366,474
6246303379,4252365995,"LINESTRING(8563458.548969066 5345287.113676104,8563458.548969066 5345282.45197998)",6531,3089,345
4291263242,260381535,"LINESTRING(8560001.896689946 5341848.58119852,8559913.56945726 5341845.668713357)",1435,8089,266
4252366014,4252366100,"LINESTRING(8563544.328300808 5345419.972996478,8563549.424102694 5345433.958298342)",6702,2918,351
4315384415,5203867314,"LINESTRING(8564311.246484602 5345738.143809485,8564325.684589945 5345754.4605544275)",7430,2344,476
6246303357,5229452511,"LINESTRING(8563563.862208037 5345409.484033861,8563573.204511493 5345421.138437498)",6704,2916,352
2567616752,4274051848,"LINESTRING(8560387.47903263 5342319.833288133,8560385.780432 5342425.271196513)",2074,7630,411
3315266492,3958764836,"LINESTRING(8563576.60171275 5345178.147139326,8563710.791162407 5345298.185213751)",6587,2935,228
260711593,3245711233,"LINESTRING(8564860.743787942 5345412.397633403,8564930.386413712 5345422.303878664)",8261,1513,485
